_id,year1,year2,bar_comparison,line_comparison,radial_comparison,year1Avg,year2Avg,user_id,bar_result,line_result,radial_result
69950aa0b6d32bf6dbdc5c2f,1900,2020,Right,Left,Right,52.76,59.36,69950a21b6d32bf6dbdc5c2d,Correct,Incorrect,Correct
69950ac3b6d32bf6dbdc5c30,2018,1902,Left,Left,Left,53.51,47.57,69950a21b6d32bf6dbdc5c2d,Correct,Correct,Correct
69950ad6b6d32bf6dbdc5c31,1904,2016,Right,Right,Right,51.14,64.9,69950a21b6d32bf6dbdc5c2d,Correct,Correct,Correct
69950ae5b6d32bf6dbdc5c32,1906,2014,Right,Right,Right,51.71,64.53,69950a21b6d32bf6dbdc5c2d,Correct,Correct,Correct
69950af3b6d32bf6dbdc5c33,2012,1908,Left,Left,Left,55.27,44.07,69950a21b6d32bf6dbdc5c2d,Correct,Correct,Correct
69950b12b6d32bf6dbdc5c34,2010,1910,Left,Left,Left,52.98,38.41,69950a21b6d32bf6dbdc5c2d,Correct,Correct,Correct
69950b1bb6d32bf6dbdc5c35,1912,2008,Right,Right,Right,50.22,54.28,69950a21b6d32bf6dbdc5c2d,Correct,Correct,Correct
69950b2cb6d32bf6dbdc5c36,1914,2006,Right,Right,Right,49.83,54.24,69950a21b6d32bf6dbdc5c2d,Correct,Correct,Correct
69950b41b6d32bf6dbdc5c37,2004,1916,Left,Left,Left,53.08,50.84,69950a21b6d32bf6dbdc5c2d,Correct,Correct,Correct
69950b4db6d32bf6dbdc5c38,1918,2002,Right,Right,Right,45.85,53.2,69950a21b6d32bf6dbdc5c2d,Correct,Correct,Correct
69950b5cb6d32bf6dbdc5c39,2000,1920,Left,Left,Left,69.25,51.07,69950a21b6d32bf6dbdc5c2d,Correct,Correct,Correct
69950b66b6d32bf6dbdc5c3a,1922,1998,Right,Right,Right,42.02,54.22,69950a21b6d32bf6dbdc5c2d,Correct,Correct,Correct
69950b72b6d32bf6dbdc5c3b,1996,1924,Left,Left,Left,51.88,46.57,69950a21b6d32bf6dbdc5c2d,Correct,Correct,Correct
69950b7db6d32bf6dbdc5c3c,1926,1994,Right,Right,Right,43.94,52.85,69950a21b6d32bf6dbdc5c2d,Correct,Correct,Correct
69950b8bb6d32bf6dbdc5c3d,1992,1928,Left,Left,Left,55.59,51.91,69950a21b6d32bf6dbdc5c2d,Correct,Correct,Correct
69950b98b6d32bf6dbdc5c3e,1930,1990,Right,Right,Right,51.97,53.5,69950a21b6d32bf6dbdc5c2d,Correct,Correct,Correct
69950ba4b6d32bf6dbdc5c3f,1988,1932,Left,Left,Left,59.62,51.72,69950a21b6d32bf6dbdc5c2d,Correct,Correct,Correct
69950bb0b6d32bf6dbdc5c40,1934,1986,Right,Right,Right,54.09,48.31,69950a21b6d32bf6dbdc5c2d,Incorrect,Incorrect,Incorrect
69950bc8b6d32bf6dbdc5c41,1936,1984,Left,Left,Left,52.14,45.97,69950a21b6d32bf6dbdc5c2d,Correct,Correct,Correct
69950bd1b6d32bf6dbdc5c42,1982,1938,Right,Right,Right,51.33,62.17,69950a21b6d32bf6dbdc5c2d,Correct,Correct,Correct
699525f722be9749ae6d247e,1900,2020,Right,Right,Right,52.76,59.36,6995256b22be9749ae6d247d,Correct,Correct,Correct
6995262022be9749ae6d247f,2018,1902,Left,Left,Left,53.51,47.57,6995256b22be9749ae6d247d,Correct,Correct,Correct
6995262c22be9749ae6d2480,1904,2016,Right,Right,Right,51.14,64.9,6995256b22be9749ae6d247d,Correct,Correct,Correct
6995263a22be9749ae6d2481,1906,2014,Right,Right,Right,51.71,64.53,6995256b22be9749ae6d247d,Correct,Correct,Correct
6995264622be9749ae6d2482,2012,1908,Left,Left,Left,55.27,44.07,6995256b22be9749ae6d247d,Correct,Correct,Correct
6995265022be9749ae6d2483,2010,1910,Left,Left,Left,52.98,38.41,6995256b22be9749ae6d247d,Correct,Correct,Correct
6995265f22be9749ae6d2484,1912,2008,Right,Right,Right,50.22,54.28,6995256b22be9749ae6d247d,Correct,Correct,Correct
6995266922be9749ae6d2485,1914,2006,Right,Right,Right,49.83,54.24,6995256b22be9749ae6d247d,Correct,Correct,Correct
6995267a22be9749ae6d2486,2004,1916,Right,Right,Right,53.08,50.84,6995256b22be9749ae6d247d,Incorrect,Incorrect,Incorrect
6995268322be9749ae6d2487,1918,2002,Right,Right,Right,45.85,53.2,6995256b22be9749ae6d247d,Correct,Correct,Correct
6995268d22be9749ae6d2488,2000,1920,Left,Left,Left,69.25,51.07,6995256b22be9749ae6d247d,Correct,Correct,Correct
6995269a22be9749ae6d2489,1922,1998,Right,Right,Right,42.02,54.22,6995256b22be9749ae6d247d,Correct,Correct,Correct
699526a422be9749ae6d248a,1996,1924,Left,Left,Left,51.88,46.57,6995256b22be9749ae6d247d,Correct,Correct,Correct
699526af22be9749ae6d248b,1926,1994,Right,Right,Right,43.94,52.85,6995256b22be9749ae6d247d,Correct,Correct,Correct
699526b822be9749ae6d248c,1992,1928,Left,Left,Left,55.59,51.91,6995256b22be9749ae6d247d,Correct,Correct,Correct
699526c622be9749ae6d248d,1930,1990,Left,Left,Left,51.97,53.5,6995256b22be9749ae6d247d,Incorrect,Incorrect,Incorrect
699526d022be9749ae6d248e,1988,1932,Left,Left,Left,59.62,51.72,6995256b22be9749ae6d247d,Correct,Correct,Correct
699526dc22be9749ae6d248f,1934,1986,Left,Left,Left,54.09,48.31,6995256b22be9749ae6d247d,Correct,Correct,Correct
699526e622be9749ae6d2490,1936,1984,Left,Left,Left,52.14,45.97,6995256b22be9749ae6d247d,Correct,Correct,Correct
699526ef22be9749ae6d2491,1982,1938,Right,Right,Right,51.33,62.17,6995256b22be9749ae6d247d,Correct,Correct,Correct
6995d901722d8e85e23a2d9c,1900,2020,Right,Right,Right,52.76,59.36,6995d8e1722d8e85e23a2d9b,Correct,Correct,Correct
6995d914722d8e85e23a2d9d,2018,1902,Left,Left,Left,53.51,47.57,6995d8e1722d8e85e23a2d9b,Correct,Correct,Correct
6995d928722d8e85e23a2d9e,1904,2016,Right,Right,Right,51.14,64.9,6995d8e1722d8e85e23a2d9b,Correct,Correct,Correct
6995d938722d8e85e23a2d9f,1906,2014,Right,Right,Right,51.71,64.53,6995d8e1722d8e85e23a2d9b,Correct,Correct,Correct
6995d948722d8e85e23a2da0,2012,1908,Left,Left,Left,55.27,44.07,6995d8e1722d8e85e23a2d9b,Correct,Correct,Correct
6995d959722d8e85e23a2da1,2010,1910,Left,Left,Left,52.98,38.41,6995d8e1722d8e85e23a2d9b,Correct,Correct,Correct
6995d975722d8e85e23a2da2,1912,2008,Right,Right,Right,50.22,54.28,6995d8e1722d8e85e23a2d9b,Correct,Correct,Correct
6995d98b722d8e85e23a2da3,1914,2006,Right,Right,Right,49.83,54.24,6995d8e1722d8e85e23a2d9b,Correct,Correct,Correct
6995d9a3722d8e85e23a2da4,2004,1916,Right,Right,Right,53.08,50.84,6995d8e1722d8e85e23a2d9b,Incorrect,Incorrect,Incorrect
6995d9b7722d8e85e23a2da5,1918,2002,Right,Right,Right,45.85,53.2,6995d8e1722d8e85e23a2d9b,Correct,Correct,Correct
6995d9c6722d8e85e23a2da6,2000,1920,Left,Left,Left,69.25,51.07,6995d8e1722d8e85e23a2d9b,Correct,Correct,Correct
6995d9dc722d8e85e23a2da7,1922,1998,Right,Right,Right,42.02,54.22,6995d8e1722d8e85e23a2d9b,Correct,Correct,Correct
6995d9ea722d8e85e23a2da8,1996,1924,Left,Left,Left,51.88,46.57,6995d8e1722d8e85e23a2d9b,Correct,Correct,Correct
6995d9f9722d8e85e23a2da9,1926,1994,Right,Right,Right,43.94,52.85,6995d8e1722d8e85e23a2d9b,Correct,Correct,Correct
6995da14722d8e85e23a2daa,1992,1928,Left,Left,Left,55.59,51.91,6995d8e1722d8e85e23a2d9b,Correct,Correct,Correct
6995da2e722d8e85e23a2dab,1930,1990,Left,Left,Left,51.97,53.5,6995d8e1722d8e85e23a2d9b,Incorrect,Incorrect,Incorrect
6995da41722d8e85e23a2dac,1988,1932,Left,Left,Left,59.62,51.72,6995d8e1722d8e85e23a2d9b,Correct,Correct,Correct
6995da52722d8e85e23a2dad,1934,1986,Left,Left,Left,54.09,48.31,6995d8e1722d8e85e23a2d9b,Correct,Correct,Correct
6995da65722d8e85e23a2dae,1936,1984,Left,Left,Left,52.14,45.97,6995d8e1722d8e85e23a2d9b,Correct,Correct,Correct
6995da82722d8e85e23a2daf,1982,1938,Right,Right,Right,51.33,62.17,6995d8e1722d8e85e23a2d9b,Correct,Correct,Correct
6996185f80754600beb9ce32,1900,2020,Right,Left,Right,52.76,59.36,699617f780754600beb9ce31,Correct,Incorrect,Correct
6996187880754600beb9ce33,2018,1902,Left,Left,Left,53.51,47.57,699617f780754600beb9ce31,Correct,Correct,Correct
6996188980754600beb9ce34,1904,2016,Right,Right,Right,51.14,64.9,699617f780754600beb9ce31,Correct,Correct,Correct
6996189280754600beb9ce35,1906,2014,Right,Right,Right,51.71,64.53,699617f780754600beb9ce31,Correct,Correct,Correct
699618c680754600beb9ce36,2012,1908,Left,Left,Left,55.27,44.07,699617f780754600beb9ce31,Correct,Correct,Correct
699618c680754600beb9ce37,2012,1908,Left,Left,Left,55.27,44.07,699617f780754600beb9ce31,Correct,Correct,Correct
699618da80754600beb9ce39,2010,1910,Left,Left,Left,52.98,38.41,699617f780754600beb9ce31,Correct,Correct,Correct
699618eb80754600beb9ce3a,1912,2008,Right,Right,Right,50.22,54.28,699617f780754600beb9ce31,Correct,Correct,Correct
699618fa80754600beb9ce3b,1914,2006,Right,Left,Right,49.83,54.24,699617f780754600beb9ce31,Correct,Incorrect,Correct
6996191080754600beb9ce3c,2004,1916,Left,Left,Left,53.08,50.84,699617f780754600beb9ce31,Correct,Correct,Correct
6996193780754600beb9ce3d,1918,2002,Right,Right,Right,45.85,53.2,699617f780754600beb9ce31,Correct,Correct,Correct
6996194a80754600beb9ce3e,2000,1920,Left,Left,Left,69.25,51.07,699617f780754600beb9ce31,Correct,Correct,Correct
6996195280754600beb9ce3f,1922,1998,Right,Right,Right,42.02,54.22,699617f780754600beb9ce31,Correct,Correct,Correct
6996214fe3de9e5986d911c8,1996,1924,Left,Left,Left,51.88,46.57,6996214fe3de9e5986d911c7,Correct,Correct,Correct
69962150e3de9e5986d911ca,1996,1924,Left,Left,Left,51.88,46.57,69962150e3de9e5986d911c9,Correct,Correct,Correct
69962158e3de9e5986d911cb,1926,1994,Right,Right,Right,43.94,52.85,69962150e3de9e5986d911c9,Correct,Correct,Correct
69962161e3de9e5986d911cc,1992,1928,Left,Left,Left,55.59,51.91,69962150e3de9e5986d911c9,Correct,Correct,Correct
6996216ce3de9e5986d911cd,1930,1990,Left,Right,Left,51.97,53.5,69962150e3de9e5986d911c9,Incorrect,Correct,Incorrect
6996216ce3de9e5986d911ce,1930,1990,Left,Right,Left,51.97,53.5,69962150e3de9e5986d911c9,Incorrect,Correct,Incorrect
69962175e3de9e5986d911cf,1988,1932,Left,Left,Left,59.62,51.72,69962150e3de9e5986d911c9,Correct,Correct,Correct
6996217ee3de9e5986d911d0,1934,1986,Left,Left,Left,54.09,48.31,69962150e3de9e5986d911c9,Correct,Correct,Correct
6996218be3de9e5986d911d1,1936,1984,Left,Left,Left,52.14,45.97,69962150e3de9e5986d911c9,Correct,Correct,Correct
69962195e3de9e5986d911d2,1982,1938,Right,Right,Right,51.33,62.17,69962150e3de9e5986d911c9,Correct,Correct,Correct
69962ce89c2dc90c744a690a,1900,2020,Right,Right,Right,52.76,59.36,69962cb29c2dc90c744a6909,Correct,Correct,Correct
69962d189c2dc90c744a690b,2018,1902,Left,Left,Left,53.51,47.57,69962cb29c2dc90c744a6909,Correct,Correct,Correct
69962d319c2dc90c744a690c,1904,2016,Right,Right,Right,51.14,64.9,69962cb29c2dc90c744a6909,Correct,Correct,Correct
69962d6a9c2dc90c744a690d,1906,2014,Right,Right,Right,51.71,64.53,69962cb29c2dc90c744a6909,Correct,Correct,Correct
69962d829c2dc90c744a690e,2012,1908,Left,Left,Left,55.27,44.07,69962cb29c2dc90c744a6909,Correct,Correct,Correct
69962d949c2dc90c744a690f,2010,1910,Left,Left,Left,52.98,38.41,69962cb29c2dc90c744a6909,Correct,Correct,Correct
69962dae9c2dc90c744a6910,1912,2008,Right,Right,Right,50.22,54.28,69962cb29c2dc90c744a6909,Correct,Correct,Correct
69962dcc9c2dc90c744a6911,1914,2006,Right,Left,Right,49.83,54.24,69962cb29c2dc90c744a6909,Correct,Incorrect,Correct
69962dea9c2dc90c744a6912,2004,1916,Left,Right,Left,53.08,50.84,69962cb29c2dc90c744a6909,Correct,Incorrect,Correct
69962dff9c2dc90c744a6913,1918,2002,Right,Right,Right,45.85,53.2,69962cb29c2dc90c744a6909,Correct,Correct,Correct
69962e119c2dc90c744a6914,2000,1920,Left,Left,Left,69.25,51.07,69962cb29c2dc90c744a6909,Correct,Correct,Correct
69962e249c2dc90c744a6915,1922,1998,Right,Right,Right,42.02,54.22,69962cb29c2dc90c744a6909,Correct,Correct,Correct
69962e379c2dc90c744a6916,1996,1924,Left,Left,Left,51.88,46.57,69962cb29c2dc90c744a6909,Correct,Correct,Correct
69962e479c2dc90c744a6917,1926,1994,Right,Right,Right,43.94,52.85,69962cb29c2dc90c744a6909,Correct,Correct,Correct
69962e689c2dc90c744a6918,1992,1928,Left,Left,Left,55.59,51.91,69962cb29c2dc90c744a6909,Correct,Correct,Correct
69962e829c2dc90c744a6919,1930,1990,Left,Right,Right,51.97,53.5,69962cb29c2dc90c744a6909,Incorrect,Correct,Correct
69962f7c9c2dc90c744a691a,1988,1932,Left,Left,Left,59.62,51.72,69962cb29c2dc90c744a6909,Correct,Correct,Correct
69962f869c2dc90c744a691b,1934,1986,Left,Left,Left,54.09,48.31,69962cb29c2dc90c744a6909,Correct,Correct,Correct
69962f959c2dc90c744a691c,1936,1984,Left,Left,Left,52.14,45.97,69962cb29c2dc90c744a6909,Correct,Correct,Correct
69962fa39c2dc90c744a691d,1982,1938,Right,Right,Right,51.33,62.17,69962cb29c2dc90c744a6909,Correct,Correct,Correct
69963e43fedb28c32ccaeece,1900,2020,Right,Right,Right,52.76,59.36,69963e1efedb28c32ccaeecd,Correct,Correct,Correct
69965b6190a2afb4b17eb91a,1900,2020,Right,Right,Left,52.76,59.36,69965ad090a2afb4b17eb919,Correct,Correct,Incorrect
6996670548fd8ca6a82f3955,1900,2020,Right,Right,Right,52.76,59.36,6996669a48fd8ca6a82f3954,Correct,Correct,Correct
6996671d48fd8ca6a82f3956,2018,1902,Left,Left,Left,53.51,47.57,6996669a48fd8ca6a82f3954,Correct,Correct,Correct
6996673248fd8ca6a82f3957,1904,2016,Right,Right,Right,51.14,64.9,6996669a48fd8ca6a82f3954,Correct,Correct,Correct
6996673f48fd8ca6a82f3958,1906,2014,Right,Right,Right,51.71,64.53,6996669a48fd8ca6a82f3954,Correct,Correct,Correct
6996674e48fd8ca6a82f3959,2012,1908,Left,Left,Left,55.27,44.07,6996669a48fd8ca6a82f3954,Correct,Correct,Correct
6996675b48fd8ca6a82f395a,2010,1910,Left,Left,Left,52.98,38.41,6996669a48fd8ca6a82f3954,Correct,Correct,Correct
6996676a48fd8ca6a82f395b,1912,2008,Right,Right,Right,50.22,54.28,6996669a48fd8ca6a82f3954,Correct,Correct,Correct
6996677d48fd8ca6a82f395c,1914,2006,Right,Right,Right,49.83,54.24,6996669a48fd8ca6a82f3954,Correct,Correct,Correct
6996679848fd8ca6a82f395d,2004,1916,Left,Left,Right,53.08,50.84,6996669a48fd8ca6a82f3954,Correct,Correct,Incorrect
699667a948fd8ca6a82f395e,1918,2002,Right,Right,Right,45.85,53.2,6996669a48fd8ca6a82f3954,Correct,Correct,Correct
699667b648fd8ca6a82f395f,2000,1920,Left,Left,Left,69.25,51.07,6996669a48fd8ca6a82f3954,Correct,Correct,Correct
699667c548fd8ca6a82f3960,1922,1998,Right,Right,Right,42.02,54.22,6996669a48fd8ca6a82f3954,Correct,Correct,Correct
699667d948fd8ca6a82f3961,1996,1924,Left,Left,Left,51.88,46.57,6996669a48fd8ca6a82f3954,Correct,Correct,Correct
699667e648fd8ca6a82f3962,1926,1994,Right,Right,Right,43.94,52.85,6996669a48fd8ca6a82f3954,Correct,Correct,Correct
699667f848fd8ca6a82f3963,1992,1928,Left,Left,Right,55.59,51.91,6996669a48fd8ca6a82f3954,Correct,Correct,Incorrect
6996681148fd8ca6a82f3964,1930,1990,Right,Right,Left,51.97,53.5,6996669a48fd8ca6a82f3954,Correct,Correct,Incorrect
6996682348fd8ca6a82f3965,1988,1932,Left,Left,Left,59.62,51.72,6996669a48fd8ca6a82f3954,Correct,Correct,Correct
6996683448fd8ca6a82f3966,1934,1986,Left,Left,Left,54.09,48.31,6996669a48fd8ca6a82f3954,Correct,Correct,Correct
6996684348fd8ca6a82f3967,1936,1984,Left,Left,Left,52.14,45.97,6996669a48fd8ca6a82f3954,Correct,Correct,Correct
6996685248fd8ca6a82f3968,1982,1938,Right,Right,Right,51.33,62.17,6996669a48fd8ca6a82f3954,Correct,Correct,Correct
699694a4ea72de5559c63a35,2018,1902,Left,Left,Left,53.51,47.57,699694a4ea72de5559c63a34,Correct,Correct,Correct
699694b0ea72de5559c63a36,1904,2016,Right,Right,Right,51.14,64.9,699694a4ea72de5559c63a34,Correct,Correct,Correct
699694baea72de5559c63a37,1906,2014,Right,Right,Right,51.71,64.53,699694a4ea72de5559c63a34,Correct,Correct,Correct
699694c9ea72de5559c63a38,2012,1908,Left,Left,Left,55.27,44.07,699694a4ea72de5559c63a34,Correct,Correct,Correct
699694d2ea72de5559c63a39,2010,1910,Left,Left,Left,52.98,38.41,699694a4ea72de5559c63a34,Correct,Correct,Correct
699694dbea72de5559c63a3a,1912,2008,Right,Right,Right,50.22,54.28,699694a4ea72de5559c63a34,Correct,Correct,Correct
699694e2ea72de5559c63a3b,1914,2006,Right,Right,Right,49.83,54.24,699694a4ea72de5559c63a34,Correct,Correct,Correct
699694f0ea72de5559c63a3c,2004,1916,Left,Left,Left,53.08,50.84,699694a4ea72de5559c63a34,Correct,Correct,Correct
699694f7ea72de5559c63a3d,1918,2002,Right,Right,Right,45.85,53.2,699694a4ea72de5559c63a34,Correct,Correct,Correct
699694feea72de5559c63a3e,2000,1920,Left,Left,Left,69.25,51.07,699694a4ea72de5559c63a34,Correct,Correct,Correct
69969504ea72de5559c63a3f,1922,1998,Right,Right,Right,42.02,54.22,699694a4ea72de5559c63a34,Correct,Correct,Correct
6996950bea72de5559c63a40,1996,1924,Left,Left,Left,51.88,46.57,699694a4ea72de5559c63a34,Correct,Correct,Correct
69969525ea72de5559c63a41,1926,1994,Right,Right,Right,43.94,52.85,699694a4ea72de5559c63a34,Correct,Correct,Correct
69969534ea72de5559c63a42,1992,1928,Left,Left,Left,55.59,51.91,699694a4ea72de5559c63a34,Correct,Correct,Correct
6996953cea72de5559c63a43,1930,1990,Right,Right,Right,51.97,53.5,699694a4ea72de5559c63a34,Correct,Correct,Correct
6996954cea72de5559c63a44,1988,1932,Left,Left,Left,59.62,51.72,699694a4ea72de5559c63a34,Correct,Correct,Correct
69969553ea72de5559c63a45,1934,1986,Left,Left,Left,54.09,48.31,699694a4ea72de5559c63a34,Correct,Correct,Correct
69969559ea72de5559c63a46,1936,1984,Left,Left,Left,52.14,45.97,699694a4ea72de5559c63a34,Correct,Correct,Correct
69969561ea72de5559c63a47,1982,1938,Right,Right,Right,51.33,62.17,699694a4ea72de5559c63a34,Correct,Correct,Correct
699723a9403201e192cdc83b,1900,2020,Right,Right,Right,52.76,59.36,6997235d403201e192cdc839,Correct,Correct,Correct
699723d5403201e192cdc83c,2018,1902,Left,Left,Left,53.51,47.57,6997235d403201e192cdc839,Correct,Correct,Correct
699723e0403201e192cdc83d,1904,2016,Right,Right,Right,51.14,64.9,6997235d403201e192cdc839,Correct,Correct,Correct
699723ea403201e192cdc83e,1906,2014,Right,Right,Right,51.71,64.53,6997235d403201e192cdc839,Correct,Correct,Correct
699723f8403201e192cdc83f,2012,1908,Left,Left,Left,55.27,44.07,6997235d403201e192cdc839,Correct,Correct,Correct
69972401403201e192cdc840,2010,1910,Left,Left,Left,52.98,38.41,6997235d403201e192cdc839,Correct,Correct,Correct
69972412403201e192cdc841,1912,2008,Right,Right,Right,50.22,54.28,6997235d403201e192cdc839,Correct,Correct,Correct
6997241f403201e192cdc842,1914,2006,Right,Left,Right,49.83,54.24,6997235d403201e192cdc839,Correct,Incorrect,Correct
6997242e403201e192cdc843,2004,1916,Left,Left,Left,53.08,50.84,6997235d403201e192cdc839,Correct,Correct,Correct
69972439403201e192cdc844,1918,2002,Right,Right,Right,45.85,53.2,6997235d403201e192cdc839,Correct,Correct,Correct
69972442403201e192cdc846,2000,1920,Left,Left,Left,69.25,51.07,6997235d403201e192cdc839,Correct,Correct,Correct
6997244b403201e192cdc847,1922,1998,Right,Right,Right,42.02,54.22,6997235d403201e192cdc839,Correct,Correct,Correct
69972455403201e192cdc848,1996,1924,Left,Left,Left,51.88,46.57,6997235d403201e192cdc839,Correct,Correct,Correct
6997245e403201e192cdc849,1926,1994,Right,Right,Right,43.94,52.85,6997235d403201e192cdc839,Correct,Correct,Correct
69972466403201e192cdc84a,1992,1928,Left,Left,Left,55.59,51.91,6997235d403201e192cdc839,Correct,Correct,Correct
69972474403201e192cdc84b,1930,1990,Right,Right,Right,51.97,53.5,6997235d403201e192cdc839,Correct,Correct,Correct
6997247d403201e192cdc84c,1988,1932,Left,Left,Left,59.62,51.72,6997235d403201e192cdc839,Correct,Correct,Correct
69972486403201e192cdc84d,1934,1986,Left,Left,Left,54.09,48.31,6997235d403201e192cdc839,Correct,Correct,Correct
69972491403201e192cdc84e,1936,1984,Left,Left,Left,52.14,45.97,6997235d403201e192cdc839,Correct,Correct,Correct
699724a7403201e192cdc84f,1982,1938,Right,Right,Right,51.33,62.17,6997235d403201e192cdc839,Correct,Correct,Correct
699738f91fbb8e9c8bb41a98,1900,2020,Right,Right,Right,52.76,59.36,699738dc1fbb8e9c8bb41a97,Correct,Correct,Correct
6997390a1fbb8e9c8bb41a99,2018,1902,Left,Left,Left,53.51,47.57,699738dc1fbb8e9c8bb41a97,Correct,Correct,Correct
699739171fbb8e9c8bb41a9a,1904,2016,Right,Right,Right,51.14,64.9,699738dc1fbb8e9c8bb41a97,Correct,Correct,Correct
699739331fbb8e9c8bb41a9b,1906,2014,Right,Right,Right,51.71,64.53,699738dc1fbb8e9c8bb41a97,Correct,Correct,Correct
6997393d1fbb8e9c8bb41a9c,2012,1908,Left,Left,Left,55.27,44.07,699738dc1fbb8e9c8bb41a97,Correct,Correct,Correct
6997394a1fbb8e9c8bb41a9d,2010,1910,Left,Left,Left,52.98,38.41,699738dc1fbb8e9c8bb41a97,Correct,Correct,Correct
699739661fbb8e9c8bb41a9e,1912,2008,Right,Left,Right,50.22,54.28,699738dc1fbb8e9c8bb41a97,Correct,Incorrect,Correct
699739741fbb8e9c8bb41a9f,1914,2006,Right,Right,Right,49.83,54.24,699738dc1fbb8e9c8bb41a97,Correct,Correct,Correct
699739b51fbb8e9c8bb41aa0,2004,1916,Right,Right,Left,53.08,50.84,699738dc1fbb8e9c8bb41a97,Incorrect,Incorrect,Correct
699739c61fbb8e9c8bb41aa1,1918,2002,Right,Right,Right,45.85,53.2,699738dc1fbb8e9c8bb41a97,Correct,Correct,Correct
699739d11fbb8e9c8bb41aa2,2000,1920,Left,Left,Left,69.25,51.07,699738dc1fbb8e9c8bb41a97,Correct,Correct,Correct
699739dc1fbb8e9c8bb41aa3,1922,1998,Right,Right,Right,42.02,54.22,699738dc1fbb8e9c8bb41a97,Correct,Correct,Correct
699739e81fbb8e9c8bb41aa4,1996,1924,Left,Left,Left,51.88,46.57,699738dc1fbb8e9c8bb41a97,Correct,Correct,Correct
699739f51fbb8e9c8bb41aa5,1926,1994,Right,Right,Right,43.94,52.85,699738dc1fbb8e9c8bb41a97,Correct,Correct,Correct
69973a071fbb8e9c8bb41aa6,1992,1928,Left,Left,Left,55.59,51.91,699738dc1fbb8e9c8bb41a97,Correct,Correct,Correct
69973a3f1fbb8e9c8bb41aa7,1930,1990,Left,Right,Right,51.97,53.5,699738dc1fbb8e9c8bb41a97,Incorrect,Correct,Correct
69973a521fbb8e9c8bb41aa8,1988,1932,Left,Left,Left,59.62,51.72,699738dc1fbb8e9c8bb41a97,Correct,Correct,Correct
69973a621fbb8e9c8bb41aa9,1934,1986,Left,Left,Left,54.09,48.31,699738dc1fbb8e9c8bb41a97,Correct,Correct,Correct
69973a721fbb8e9c8bb41aaa,1936,1984,Left,Left,Left,52.14,45.97,699738dc1fbb8e9c8bb41a97,Correct,Correct,Correct
69973a7e1fbb8e9c8bb41aab,1982,1938,Right,Right,Right,51.33,62.17,699738dc1fbb8e9c8bb41a97,Correct,Correct,Correct
69976528c5a3c1f5e6ac4b77,1900,2020,Right,Right,Right,52.76,59.36,69976508c5a3c1f5e6ac4b76,Correct,Correct,Correct
69976539c5a3c1f5e6ac4b78,2018,1902,Left,Left,Left,53.51,47.57,69976508c5a3c1f5e6ac4b76,Correct,Correct,Correct
69976544c5a3c1f5e6ac4b79,1904,2016,Right,Right,Right,51.14,64.9,69976508c5a3c1f5e6ac4b76,Correct,Correct,Correct
6997654fc5a3c1f5e6ac4b7a,1906,2014,Right,Right,Right,51.71,64.53,69976508c5a3c1f5e6ac4b76,Correct,Correct,Correct
69976558c5a3c1f5e6ac4b7b,2012,1908,Left,Left,Left,55.27,44.07,69976508c5a3c1f5e6ac4b76,Correct,Correct,Correct
69976564c5a3c1f5e6ac4b7c,2010,1910,Left,Left,Left,52.98,38.41,69976508c5a3c1f5e6ac4b76,Correct,Correct,Correct
6997656ec5a3c1f5e6ac4b7d,1912,2008,Right,Right,Right,50.22,54.28,69976508c5a3c1f5e6ac4b76,Correct,Correct,Correct
6997657ac5a3c1f5e6ac4b7e,1914,2006,Right,Right,Right,49.83,54.24,69976508c5a3c1f5e6ac4b76,Correct,Correct,Correct
69976587c5a3c1f5e6ac4b7f,2004,1916,Right,Right,Left,53.08,50.84,69976508c5a3c1f5e6ac4b76,Incorrect,Incorrect,Correct
69976594c5a3c1f5e6ac4b80,1918,2002,Right,Right,Right,45.85,53.2,69976508c5a3c1f5e6ac4b76,Correct,Correct,Correct
6997659fc5a3c1f5e6ac4b81,2000,1920,Left,Left,Left,69.25,51.07,69976508c5a3c1f5e6ac4b76,Correct,Correct,Correct
699765aac5a3c1f5e6ac4b82,1922,1998,Right,Right,Right,42.02,54.22,69976508c5a3c1f5e6ac4b76,Correct,Correct,Correct
699765b5c5a3c1f5e6ac4b83,1996,1924,Left,Left,Left,51.88,46.57,69976508c5a3c1f5e6ac4b76,Correct,Correct,Correct
699765c0c5a3c1f5e6ac4b84,1926,1994,Right,Right,Right,43.94,52.85,69976508c5a3c1f5e6ac4b76,Correct,Correct,Correct
699765cfc5a3c1f5e6ac4b85,1992,1928,Right,Right,Left,55.59,51.91,69976508c5a3c1f5e6ac4b76,Incorrect,Incorrect,Correct
699765e0c5a3c1f5e6ac4b86,1930,1990,Right,Left,Right,51.97,53.5,69976508c5a3c1f5e6ac4b76,Correct,Incorrect,Correct
699765eec5a3c1f5e6ac4b87,1988,1932,Left,Left,Left,59.62,51.72,69976508c5a3c1f5e6ac4b76,Correct,Correct,Correct
699765fbc5a3c1f5e6ac4b88,1934,1986,Left,Left,Left,54.09,48.31,69976508c5a3c1f5e6ac4b76,Correct,Correct,Correct
69976605c5a3c1f5e6ac4b89,1936,1984,Left,Left,Left,52.14,45.97,69976508c5a3c1f5e6ac4b76,Correct,Correct,Correct
69976611c5a3c1f5e6ac4b8a,1982,1938,Right,Right,Right,51.33,62.17,69976508c5a3c1f5e6ac4b76,Correct,Correct,Correct
69976e6c069429c54f7daffc,1900,2020,Right,Right,Right,52.76,59.36,69976e6c069429c54f7daffb,Correct,Correct,Correct
69976e82069429c54f7daffd,2018,1902,Left,Left,Left,53.51,47.57,69976e6c069429c54f7daffb,Correct,Correct,Correct
69976e96069429c54f7daffe,1904,2016,Right,Right,Right,51.14,64.9,69976e6c069429c54f7daffb,Correct,Correct,Correct
69976eaf069429c54f7dafff,1906,2014,Right,Right,Right,51.71,64.53,69976e6c069429c54f7daffb,Correct,Correct,Correct
69976ebe069429c54f7db000,2012,1908,Left,Left,Left,55.27,44.07,69976e6c069429c54f7daffb,Correct,Correct,Correct
69976ed5069429c54f7db001,2010,1910,Left,Left,Left,52.98,38.41,69976e6c069429c54f7daffb,Correct,Correct,Correct
69976ee6069429c54f7db002,1912,2008,Right,Right,Right,50.22,54.28,69976e6c069429c54f7daffb,Correct,Correct,Correct
69976f0e069429c54f7db003,1914,2006,Right,Right,Right,49.83,54.24,69976e6c069429c54f7daffb,Correct,Correct,Correct
69976f36069429c54f7db004,2004,1916,Right,Right,Right,53.08,50.84,69976e6c069429c54f7daffb,Incorrect,Incorrect,Incorrect
69976f42069429c54f7db005,1918,2002,Right,Right,Right,45.85,53.2,69976e6c069429c54f7daffb,Correct,Correct,Correct
69976f4c069429c54f7db006,2000,1920,Left,Left,Left,69.25,51.07,69976e6c069429c54f7daffb,Correct,Correct,Correct
69976f62069429c54f7db007,1922,1998,Right,Right,Right,42.02,54.22,69976e6c069429c54f7daffb,Correct,Correct,Correct
69976f70069429c54f7db008,1996,1924,Left,Left,Left,51.88,46.57,69976e6c069429c54f7daffb,Correct,Correct,Correct
69976f86069429c54f7db009,1926,1994,Right,Right,Right,43.94,52.85,69976e6c069429c54f7daffb,Correct,Correct,Correct
69976f98069429c54f7db00a,1992,1928,Left,Left,Left,55.59,51.91,69976e6c069429c54f7daffb,Correct,Correct,Correct
69976fae069429c54f7db00b,1930,1990,Right,Right,Right,51.97,53.5,69976e6c069429c54f7daffb,Correct,Correct,Correct
69976fc5069429c54f7db00c,1988,1932,Left,Left,Left,59.62,51.72,69976e6c069429c54f7daffb,Correct,Correct,Correct
69976ff1069429c54f7db00d,1934,1986,Left,Left,Left,54.09,48.31,69976e6c069429c54f7daffb,Correct,Correct,Correct
69976ffb069429c54f7db00e,1936,1984,Left,Left,Left,52.14,45.97,69976e6c069429c54f7daffb,Correct,Correct,Correct
69977005069429c54f7db00f,1982,1938,Right,Right,Right,51.33,62.17,69976e6c069429c54f7daffb,Correct,Correct,Correct
69977087069429c54f7db011,1900,2020,Right,Right,Right,52.76,59.36,69977024069429c54f7db010,Correct,Correct,Correct
699770c7069429c54f7db012,2018,1902,Left,Left,Left,53.51,47.57,69977024069429c54f7db010,Correct,Correct,Correct
699770e7069429c54f7db013,1904,2016,Right,Right,Right,51.14,64.9,69977024069429c54f7db010,Correct,Correct,Correct
69977120069429c54f7db014,1906,2014,Right,Right,Right,51.71,64.53,69977024069429c54f7db010,Correct,Correct,Correct
6997713c069429c54f7db015,2012,1908,Left,Left,Left,55.27,44.07,69977024069429c54f7db010,Correct,Correct,Correct
6997714f069429c54f7db016,2010,1910,Left,Left,Left,52.98,38.41,69977024069429c54f7db010,Correct,Correct,Correct
69977170069429c54f7db017,1912,2008,Right,Right,Right,50.22,54.28,69977024069429c54f7db010,Correct,Correct,Correct
699771cb069429c54f7db019,1914,2006,Left,Left,Left,49.83,54.24,69977024069429c54f7db010,Incorrect,Incorrect,Incorrect
699771df069429c54f7db01a,2004,1916,Left,Left,Left,53.08,50.84,69977024069429c54f7db010,Correct,Correct,Correct
699771f3069429c54f7db01b,1918,2002,Right,Right,Right,45.85,53.2,69977024069429c54f7db010,Correct,Correct,Correct
69977200069429c54f7db01c,2000,1920,Left,Left,Left,69.25,51.07,69977024069429c54f7db010,Correct,Correct,Correct
6997720c069429c54f7db01d,1922,1998,Right,Right,Right,42.02,54.22,69977024069429c54f7db010,Correct,Correct,Correct
69977222069429c54f7db01e,1996,1924,Left,Left,Left,51.88,46.57,69977024069429c54f7db010,Correct,Correct,Correct
6997723b069429c54f7db01f,1926,1994,Right,Right,Right,43.94,52.85,69977024069429c54f7db010,Correct,Correct,Correct
6997724f069429c54f7db020,1992,1928,Left,Left,Left,55.59,51.91,69977024069429c54f7db010,Correct,Correct,Correct
69977263069429c54f7db021,1930,1990,Right,Right,Right,51.97,53.5,69977024069429c54f7db010,Correct,Correct,Correct
69977274069429c54f7db022,1988,1932,Left,Left,Left,59.62,51.72,69977024069429c54f7db010,Correct,Correct,Correct
69977285069429c54f7db023,1934,1986,Left,Left,Left,54.09,48.31,69977024069429c54f7db010,Correct,Correct,Correct
69977299069429c54f7db024,1936,1984,Left,Left,Left,52.14,45.97,69977024069429c54f7db010,Correct,Correct,Correct
6997729d069429c54f7db025,1900,2020,Right,Right,Right,52.76,59.36,69977187069429c54f7db018,Correct,Correct,Correct
699772a6069429c54f7db026,1982,1938,Right,Right,Right,51.33,62.17,69977024069429c54f7db010,Correct,Correct,Correct
699772f2069429c54f7db028,2018,1902,Left,Left,Left,53.51,47.57,69977187069429c54f7db018,Correct,Correct,Correct
69977316069429c54f7db029,1904,2016,Right,Right,Right,51.14,64.9,69977187069429c54f7db018,Correct,Correct,Correct
69977328069429c54f7db02a,1906,2014,Right,Right,Right,51.71,64.53,69977187069429c54f7db018,Correct,Correct,Correct
69977339069429c54f7db02b,2012,1908,Left,Left,Left,55.27,44.07,69977187069429c54f7db018,Correct,Correct,Correct
6997736f069429c54f7db02c,2010,1910,Left,Left,Left,52.98,38.41,69977187069429c54f7db018,Correct,Correct,Correct
69977485069429c54f7db02d,1912,2008,Right,Left,Right,50.22,54.28,69977187069429c54f7db018,Correct,Incorrect,Correct
69977525069429c54f7db02e,1914,2006,Right,Left,Right,49.83,54.24,69977187069429c54f7db018,Correct,Incorrect,Correct
6997754f069429c54f7db02f,2004,1916,Left,Left,Left,53.08,50.84,69977187069429c54f7db018,Correct,Correct,Correct
69977563069429c54f7db030,1918,2002,Right,Right,Right,45.85,53.2,69977187069429c54f7db018,Correct,Correct,Correct
69977570069429c54f7db031,2000,1920,Left,Left,Left,69.25,51.07,69977187069429c54f7db018,Correct,Correct,Correct
6997757c069429c54f7db032,1922,1998,Right,Right,Right,42.02,54.22,69977187069429c54f7db018,Correct,Correct,Correct
69977589069429c54f7db033,1996,1924,Left,Left,Left,51.88,46.57,69977187069429c54f7db018,Correct,Correct,Correct
69977597069429c54f7db034,1926,1994,Right,Right,Right,43.94,52.85,69977187069429c54f7db018,Correct,Correct,Correct
699775a7069429c54f7db035,1992,1928,Left,Left,Left,55.59,51.91,69977187069429c54f7db018,Correct,Correct,Correct
699775c9069429c54f7db036,1930,1990,Right,Right,Right,51.97,53.5,69977187069429c54f7db018,Correct,Correct,Correct
699775d4069429c54f7db037,1988,1932,Left,Left,Left,59.62,51.72,69977187069429c54f7db018,Correct,Correct,Correct
699775df069429c54f7db038,1934,1986,Left,Left,Left,54.09,48.31,69977187069429c54f7db018,Correct,Correct,Correct
699775f3069429c54f7db039,1936,1984,Left,Left,Left,52.14,45.97,69977187069429c54f7db018,Correct,Correct,Correct
699775ff069429c54f7db03a,1900,2020,Right,Right,Right,52.76,59.36,699772c8069429c54f7db027,Correct,Correct,Correct
69977605069429c54f7db03b,1982,1938,Right,Right,Right,51.33,62.17,69977187069429c54f7db018,Correct,Correct,Correct
6997760c069429c54f7db03c,2018,1902,Left,Left,Left,53.51,47.57,699772c8069429c54f7db027,Correct,Correct,Correct
6997761d069429c54f7db03d,1904,2016,Right,Right,Right,51.14,64.9,699772c8069429c54f7db027,Correct,Correct,Correct
69977626069429c54f7db03e,1906,2014,Right,Right,Right,51.71,64.53,699772c8069429c54f7db027,Correct,Correct,Correct
69977632069429c54f7db03f,2012,1908,Left,Left,Left,55.27,44.07,699772c8069429c54f7db027,Correct,Correct,Correct
6997763d069429c54f7db040,2010,1910,Left,Left,Left,52.98,38.41,699772c8069429c54f7db027,Correct,Correct,Correct
6997765c069429c54f7db041,1912,2008,Right,Right,Right,50.22,54.28,699772c8069429c54f7db027,Correct,Correct,Correct
69977664069429c54f7db042,1914,2006,Right,Right,Right,49.83,54.24,699772c8069429c54f7db027,Correct,Correct,Correct
69977672069429c54f7db043,2004,1916,Right,Right,Left,53.08,50.84,699772c8069429c54f7db027,Incorrect,Incorrect,Correct
6997767b069429c54f7db044,1918,2002,Right,Right,Right,45.85,53.2,699772c8069429c54f7db027,Correct,Correct,Correct
69977684069429c54f7db045,2000,1920,Left,Left,Left,69.25,51.07,699772c8069429c54f7db027,Correct,Correct,Correct
6997768e069429c54f7db046,1922,1998,Right,Right,Right,42.02,54.22,699772c8069429c54f7db027,Correct,Correct,Correct
6997769b069429c54f7db047,1996,1924,Left,Left,Left,51.88,46.57,699772c8069429c54f7db027,Correct,Correct,Correct
699776a3069429c54f7db048,1926,1994,Right,Right,Right,43.94,52.85,699772c8069429c54f7db027,Correct,Correct,Correct
699776c5069429c54f7db049,1992,1928,Left,Left,Left,55.59,51.91,699772c8069429c54f7db027,Correct,Correct,Correct
699776d4069429c54f7db04a,1930,1990,Left,Left,Left,51.97,53.5,699772c8069429c54f7db027,Incorrect,Incorrect,Incorrect
699776de069429c54f7db04b,1988,1932,Left,Left,Left,59.62,51.72,699772c8069429c54f7db027,Correct,Correct,Correct
699776e7069429c54f7db04c,1934,1986,Left,Left,Left,54.09,48.31,699772c8069429c54f7db027,Correct,Correct,Correct
699776f0069429c54f7db04d,1936,1984,Left,Left,Left,52.14,45.97,699772c8069429c54f7db027,Correct,Correct,Correct
699776f9069429c54f7db04e,1982,1938,Right,Right,Right,51.33,62.17,699772c8069429c54f7db027,Correct,Correct,Correct
